Student Name,Student Email,Date Joined,Experiment Title,Score,Max Score,Percentage (%),Attempt Number,Time Spent (s),Submission Date,Mistakes Logged
"Kirti C.","pilot.stu01@virtualvigyan.in","01/10/2026","Acidity of Water Sample (Titration with NaOH)",92,100,92,1,540,"01/10/2026, 11:15:32 AM","None — accurate endpoint & stoichiometry"
"Diptanshu B.","pilot.stu02@virtualvigyan.in","01/10/2026","Acidity of Water Sample (Titration with NaOH)",88,100,88,1,620,"01/10/2026, 11:22:10 AM","Slight overshoot near endpoint (25.8 mL)"
"Ghanshyam M.","pilot.stu03@virtualvigyan.in","01/10/2026","Acidity of Water Sample (Titration with NaOH)",95,100,95,1,480,"01/10/2026, 11:34:45 AM","Calculated molarity within 1.2% tolerance"
"Rohan V.","pilot.stu04@virtualvigyan.in","01/10/2026","Acidity of Water Sample (Titration with NaOH)",82,100,82,1,710,"01/10/2026, 11:45:18 AM","Rapid titrant dispensing initially; corrected dropwise"
"Ruchita B.","pilot.stu05@virtualvigyan.in","01/10/2026","Acidity of Water Sample (Titration with NaOH)",90,100,90,1,560,"01/10/2026, 11:52:04 AM","Minor meniscus parallax reading discrepancy"
"Alice S.","pilot.stu06@virtualvigyan.in","01/10/2026","Acidity of Water Sample (Titration with NaOH)",85,100,85,1,630,"01/10/2026, 12:01:29 PM","Added indicator after partial titration began"
"Aishwarya P.","pilot.stu07@virtualvigyan.in","01/10/2026","Acidity of Water Sample (Titration with NaOH)",94,100,94,1,510,"01/10/2026, 12:08:50 PM","None — clean sharp faint-pink endpoint"
"Soham C.","pilot.stu08@virtualvigyan.in","01/10/2026","Acidity of Water Sample (Titration with NaOH)",89,100,89,1,580,"01/10/2026, 12:15:33 PM","Titrated slightly past pale pink to deep magenta"
"Kalyani C.","pilot.stu09@virtualvigyan.in","01/10/2026","Acidity of Water Sample (Titration with NaOH)",91,100,91,1,525,"01/10/2026, 12:22:15 PM","Flask swirling paused during reagent addition"
"Shreyash B.","pilot.stu10@virtualvigyan.in","01/10/2026","Acidity of Water Sample (Titration with NaOH)",78,100,78,2,760,"01/10/2026, 12:31:02 PM","Endpoint overshot on 1st attempt (28.4 mL); improved on retry (25.4 mL)"
"Pratik C.","pilot.stu11@virtualvigyan.in","01/10/2026","Acidity of Water Sample (Titration with NaOH)",87,100,87,1,640,"01/10/2026, 12:38:40 PM","Burette air bubble trapped near tip initially"
"Tejal B.","pilot.stu12@virtualvigyan.in","01/10/2026","Acidity of Water Sample (Titration with NaOH)",93,100,93,1,495,"01/10/2026, 12:44:12 PM","None — excellent stoichiometric calculation"
"Yashodeep G.","pilot.stu13@virtualvigyan.in","01/10/2026","Acidity of Water Sample (Titration with NaOH)",96,100,96,1,450,"01/10/2026, 12:49:55 PM","None — perfect concordant titer value"
"Bharati B.","pilot.stu14@virtualvigyan.in","01/10/2026","Acidity of Water Sample (Titration with NaOH)",86,100,86,1,615,"01/10/2026, 12:55:20 PM","Overfilled burette past 0.00 mL mark before zeroing"
"Piyush B.","pilot.stu15@virtualvigyan.in","01/10/2026","Acidity of Water Sample (Titration with NaOH)",84,100,84,1,680,"01/10/2026, 01:02:11 PM","Pipetted slightly excess analyte volume; re-leveled"
"Dipali I.","pilot.stu16@virtualvigyan.in","01/10/2026","Acidity of Water Sample (Titration with NaOH)",90,100,90,1,530,"01/10/2026, 01:08:44 PM","Slight overshoot of endpoint (25.9 mL)"
"Siddhi P.","pilot.stu17@virtualvigyan.in","01/10/2026","Acidity of Water Sample (Titration with NaOH)",95,100,95,1,470,"01/10/2026, 01:14:02 PM","None — ideal faint pink persistence (>30s)"
"Kunal C.","pilot.stu18@virtualvigyan.in","01/10/2026","Acidity of Water Sample (Titration with NaOH)",83,100,83,1,690,"01/10/2026, 01:19:30 PM","Dispensed continuous stream instead of drops near 24 mL"
"Pavan W.","pilot.stu19@virtualvigyan.in","01/10/2026","Acidity of Water Sample (Titration with NaOH)",88,100,88,1,590,"01/10/2026, 01:24:55 PM","Molarity calculation rounded prematurely"
"Raj B.","pilot.stu20@virtualvigyan.in","01/10/2026","Acidity of Water Sample (Titration with NaOH)",92,100,92,1,515,"01/10/2026, 01:29:40 PM","None — precise burette control & accurate titer"
"Mohit C.","pilot.stu21@virtualvigyan.in","01/10/2026","Acidity of Water Sample (Titration with NaOH)",81,100,81,2,730,"01/10/2026, 01:35:10 PM","Forgot wash bottle rinse of flask walls; corrected on attempt 2"
"Sanskruti B.","pilot.stu22@virtualvigyan.in","01/10/2026","Acidity of Water Sample (Titration with NaOH)",94,100,94,1,505,"01/10/2026, 01:40:22 PM","None — excellent observation and calculation"
